Workbook

Sheet Customer Profitability
A1: AI INSIGHT SUMMARY: Customer #14 generates only $12 profit per visit after drive time vs. your $38 average -- raise their rate at next renewal or drop the route. Your bottom 5 customers are draining $310/month in unrecovered labor and windshield time, more than offsetting your top 3 earners. Friday's route is your weakest day at $19 profit/visit because two distant low-rate accounts pull the whole schedule down -- consider rebooking them onto Tuesday's cluster. Overall fleet-wide profit per visit is healthy at $34, but 6 of 24 customers are below your true break-even visit cost.
A5: Customer ID | B5: Customer Name | C5: Route Day | D5: Billing Amount Per Visit | E5: Visits Per Month | F5: Drive Time Minutes | G5: Service Time Minutes | H5: Hourly Labor Cost | I5: Vehicle Cost Per Minute | J5: Total Time Minutes | K5: Total Cost Per Visit | L5: Profit Per Visit | M5: Profit Per Hour | N5: Monthly Profit | O5: Verdict
A6: C-01 | B6: Henderson Lawn | C6: Monday | D6: 55 | E6: 4 | F6: 12 | G6: 35 | H6: 28 | I6: 0.45 | J6: =IFERROR(F6+G6,"") | K6: =IFERROR((J6/60*H6)+(F6*I6),"") | L6: =IFERROR(D6-K6,"") | M6: =IFERROR(L6/(J6/60),"") | N6: =IFERROR(L6*E6,"") | O6: =IFERROR(IF(L6<0,"DROP - losing money every visit",IF(L6<20,"RENEGOTIATE - raise rate at renewal",IF(M6<25,"REVIEW - low hourly yield","KEEP - profitable account"))),"")
A7: C-14 | B7: Westfield Pool | C7: Friday | D7: 40 | E7: 2 | F7: 38 | G7: 25 | H7: 28 | I7: 0.45 | J7: =IFERROR(F7+G7,"") | K7: =IFERROR((J7/60*H7)+(F7*I7),"") | L7: =IFERROR(D7-K7,"") | M7: =IFERROR(L7/(J7/60),"") | N7: =IFERROR(L7*E7,"") | O7: =IFERROR(IF(L7<0,"DROP - losing money every visit",IF(L7<20,"RENEGOTIATE - raise rate at renewal",IF(M7<25,"REVIEW - low hourly yield","KEEP - profitable account"))),"")
A8: C-07 | B8: Maple Court Clean | C8: Tuesday | D8: 90 | E8: 4 | F8: 8 | G8: 50 | H8: 28 | I8: 0.45 | J8: =IFERROR(F8+G8,"") | K8: =IFERROR((J8/60*H8)+(F8*I8),"") | L8: =IFERROR(D8-K8,"") | M8: =IFERROR(L8/(J8/60),"") | N8: =IFERROR(L8*E8,"") | O8: =IFERROR(IF(L8<0,"DROP - losing money every visit",IF(L8<20,"RENEGOTIATE - raise rate at renewal",IF(M8<25,"REVIEW - low hourly yield","KEEP - profitable account"))),"")
A9: C-22 | B9: Riverside Pest | C9: Wednesday | D9: 48 | E9: 1 | F9: 22 | G9: 20 | H9: 28 | I9: 0.45 | J9: =IFERROR(F9+G9,"") | K9: =IFERROR((J9/60*H9)+(F9*I9),"") | L9: =IFERROR(D9-K9,"") | M9: =IFERROR(L9/(J9/60),"") | N9: =IFERROR(L9*E9,"") | O9: =IFERROR(IF(L9<0,"DROP - losing money every visit",IF(L9<20,"RENEGOTIATE - raise rate at renewal",IF(M9<25,"REVIEW - low hourly yield","KEEP - profitable account"))),"")
A10: C-09 | B10: Oakgrove Estate | C10: Monday | D10: 120 | E10: 4 | F10: 15 | G10: 60 | H10: 28 | I10: 0.45 | J10: =IFERROR(F10+G10,"") | K10: =IFERROR((J10/60*H10)+(F10*I10),"") | L10: =IFERROR(D10-K10,"") | M10: =IFERROR(L10/(J10/60),"") | N10: =IFERROR(L10*E10,"") | O10: =IFERROR(IF(L10<0,"DROP - losing money every visit",IF(L10<20,"RENEGOTIATE - raise rate at renewal",IF(M10<25,"REVIEW - low hourly yield","KEEP - profitable account"))),"")
A11: C-18 | B11: Dale St Apartments | C11: Friday | D11: 65 | E11: 4 | F11: 30 | G11: 40 | H11: 28 | I11: 0.45 | J11: =IFERROR(F11+G11,"") | K11: =IFERROR((J11/60*H11)+(F11*I11),"") | L11: =IFERROR(D11-K11,"") | M11: =IFERROR(L11/(J11/60),"") | N11: =IFERROR(L11*E11,"") | O11: =IFERROR(IF(L11<0,"DROP - losing money every visit",IF(L11<20,"RENEGOTIATE - raise rate at renewal",IF(M11<25,"REVIEW - low hourly yield","KEEP - profitable account"))),"")
J12: =IFERROR(F12+G12,"") | K12: =IFERROR((J12/60*H12)+(F12*I12),"") | L12: =IFERROR(D12-K12,"") | M12: =IFERROR(L12/(J12/60),"") | N12: =IFERROR(L12*E12,"") | O12: =IFERROR(IF(L12<0,"DROP - losing money every visit",IF(L12<20,"RENEGOTIATE - raise rate at renewal",IF(M12<25,"REVIEW - low hourly yield","KEEP - profitable account"))),"")
J13: =IFERROR(F13+G13,"") | K13: =IFERROR((J13/60*H13)+(F13*I13),"") | L13: =IFERROR(D13-K13,"") | M13: =IFERROR(L13/(J13/60),"") | N13: =IFERROR(L13*E13,"") | O13: =IFERROR(IF(L13<0,"DROP - losing money every visit",IF(L13<20,"RENEGOTIATE - raise rate at renewal",IF(M13<25,"REVIEW - low hourly yield","KEEP - profitable account"))),"")
J14: =IFERROR(F14+G14,"") | K14: =IFERROR((J14/60*H14)+(F14*I14),"") | L14: =IFERROR(D14-K14,"") | M14: =IFERROR(L14/(J14/60),"") | N14: =IFERROR(L14*E14,"") | O14: =IFERROR(IF(L14<0,"DROP - losing money every visit",IF(L14<20,"RENEGOTIATE - raise rate at renewal",IF(M14<25,"REVIEW - low hourly yield","KEEP - profitable account"))),"")
J15: =IFERROR(F15+G15,"") | K15: =IFERROR((J15/60*H15)+(F15*I15),"") | L15: =IFERROR(D15-K15,"") | M15: =IFERROR(L15/(J15/60),"") | N15: =IFERROR(L15*E15,"") | O15: =IFERROR(IF(L15<0,"DROP - losing money every visit",IF(L15<20,"RENEGOTIATE - raise rate at renewal",IF(M15<25,"REVIEW - low hourly yield","KEEP - profitable account"))),"")
J16: =IFERROR(F16+G16,"") | K16: =IFERROR((J16/60*H16)+(F16*I16),"") | L16: =IFERROR(D16-K16,"") | M16: =IFERROR(L16/(J16/60),"") | N16: =IFERROR(L16*E16,"") | O16: =IFERROR(IF(L16<0,"DROP - losing money every visit",IF(L16<20,"RENEGOTIATE - raise rate at renewal",IF(M16<25,"REVIEW - low hourly yield","KEEP - profitable account"))),"")
J17: =IFERROR(F17+G17,"") | K17: =IFERROR((J17/60*H17)+(F17*I17),"") | L17: =IFERROR(D17-K17,"") | M17: =IFERROR(L17/(J17/60),"") | N17: =IFERROR(L17*E17,"") | O17: =IFERROR(IF(L17<0,"DROP - losing money every visit",IF(L17<20,"RENEGOTIATE - raise rate at renewal",IF(M17<25,"REVIEW - low hourly yield","KEEP - profitable account"))),"")
J18: =IFERROR(F18+G18,"") | K18: =IFERROR((J18/60*H18)+(F18*I18),"") | L18: =IFERROR(D18-K18,"") | M18: =IFERROR(L18/(J18/60),"") | N18: =IFERROR(L18*E18,"") | O18: =IFERROR(IF(L18<0,"DROP - losing money every visit",IF(L18<20,"RENEGOTIATE - raise rate at renewal",IF(M18<25,"REVIEW - low hourly yield","KEEP - profitable account"))),"")
J19: =IFERROR(F19+G19,"") | K19: =IFERROR((J19/60*H19)+(F19*I19),"") | L19: =IFERROR(D19-K19,"") | M19: =IFERROR(L19/(J19/60),"") | N19: =IFERROR(L19*E19,"") | O19: =IFERROR(IF(L19<0,"DROP - losing money every visit",IF(L19<20,"RENEGOTIATE - raise rate at renewal",IF(M19<25,"REVIEW - low hourly yield","KEEP - profitable account"))),"")
J20: =IFERROR(F20+G20,"") | K20: =IFERROR((J20/60*H20)+(F20*I20),"") | L20: =IFERROR(D20-K20,"") | M20: =IFERROR(L20/(J20/60),"") | N20: =IFERROR(L20*E20,"") | O20: =IFERROR(IF(L20<0,"DROP - losing money every visit",IF(L20<20,"RENEGOTIATE - raise rate at renewal",IF(M20<25,"REVIEW - low hourly yield","KEEP - profitable account"))),"")
J21: =IFERROR(F21+G21,"") | K21: =IFERROR((J21/60*H21)+(F21*I21),"") | L21: =IFERROR(D21-K21,"") | M21: =IFERROR(L21/(J21/60),"") | N21: =IFERROR(L21*E21,"") | O21: =IFERROR(IF(L21<0,"DROP - losing money every visit",IF(L21<20,"RENEGOTIATE - raise rate at renewal",IF(M21<25,"REVIEW - low hourly yield","KEEP - profitable account"))),"")
J22: =IFERROR(F22+G22,"") | K22: =IFERROR((J22/60*H22)+(F22*I22),"") | L22: =IFERROR(D22-K22,"") | M22: =IFERROR(L22/(J22/60),"") | N22: =IFERROR(L22*E22,"") | O22: =IFERROR(IF(L22<0,"DROP - losing money every visit",IF(L22<20,"RENEGOTIATE - raise rate at renewal",IF(M22<25,"REVIEW - low hourly yield","KEEP - profitable account"))),"")
J23: =IFERROR(F23+G23,"") | K23: =IFERROR((J23/60*H23)+(F23*I23),"") | L23: =IFERROR(D23-K23,"") | M23: =IFERROR(L23/(J23/60),"") | N23: =IFERROR(L23*E23,"") | O23: =IFERROR(IF(L23<0,"DROP - losing money every visit",IF(L23<20,"RENEGOTIATE - raise rate at renewal",IF(M23<25,"REVIEW - low hourly yield","KEEP - profitable account"))),"")
... J26: =IFERROR(F26+G26,"") | K26: =IFERROR((J26/60*H26)+(F26*I26),"") | L26: =IFERROR(D26-K26,"") | M26: =IFERROR(L26/(J26/60),"") | N26: =IFERROR(L26*E26,"") | O26: =IFERROR(IF(L26<0,"DROP - losing money every visit",IF(L26<20,"RENEGOTIATE - raise rate at renewal",IF(M26<25,"REVIEW - low hourly yield","KEEP - profitable account"))),"")

Sheet Route Day Rollup
A1: AI INSIGHT SUMMARY: Customer #14 generates only $12 profit per visit after drive time vs. your $38 average -- raise their rate at next renewal or drop the route. Your bottom 5 customers are draining $310/month in unrecovered labor and windshield time, more than offsetting your top 3 earners. Friday's route is your weakest day at $19 profit/visit because two distant low-rate accounts pull the whole schedule down -- consider rebooking them onto Tuesday's cluster. Overall fleet-wide profit per visit is healthy at $34, but 6 of 24 customers are below your true break-even visit cost.
A5: Route Day | B5: Customer Count | C5: Total Drive Minutes | D5: Total Service Minutes | E5: Total Monthly Revenue | F5: Total Monthly Profit | G5: Avg Profit Per Visit | H5: Drive Time Ratio % | I5: Day Verdict
A6: Monday | B6: 2 | C6: =IFERROR(SUMIF('Customer Profitability'!$C:$C,A6,'Customer Profitability'!$F:$F),"") | D6: =IFERROR(SUMIF('Customer Profitability'!$C:$C,A6,'Customer Profitability'!$G:$G),"") | E6: =IFERROR(SUMPRODUCT(('Customer Profitability'!$C$2:$C$500=A6)*'Customer Profitability'!$D$2:$D$500*'Customer Profitability'!$E$2:$E$500),"") | F6: =IFERROR(SUMIF('Customer Profitability'!$C:$C,A6,'Customer Profitability'!$N:$N),"") | G6: =IFERROR(AVERAGEIF('Customer Profitability'!$C:$C,A6,'Customer Profitability'!$L:$L),"") | H6: =IFERROR(C6/(C6+D6),"") | I6: =IFERROR(IF(G6<15,"RESTRUCTURE - weak day, rebook distant stops",IF(H6>0.4,"TIGHTEN - too much windshield time","STRONG - keep route as-is")),"")
A7: Tuesday | B7: 1 | C7: =IFERROR(SUMIF('Customer Profitability'!$C:$C,A7,'Customer Profitability'!$F:$F),"") | D7: =IFERROR(SUMIF('Customer Profitability'!$C:$C,A7,'Customer Profitability'!$G:$G),"") | E7: =IFERROR(SUMPRODUCT(('Customer Profitability'!$C$2:$C$500=A7)*'Customer Profitability'!$D$2:$D$500*'Customer Profitability'!$E$2:$E$500),"") | F7: =IFERROR(SUMIF('Customer Profitability'!$C:$C,A7,'Customer Profitability'!$N:$N),"") | G7: =IFERROR(AVERAGEIF('Customer Profitability'!$C:$C,A7,'Customer Profitability'!$L:$L),"") | H7: =IFERROR(C7/(C7+D7),"") | I7: =IFERROR(IF(G7<15,"RESTRUCTURE - weak day, rebook distant stops",IF(H7>0.4,"TIGHTEN - too much windshield time","STRONG - keep route as-is")),"")
A8: Wednesday | B8: 1 | C8: =IFERROR(SUMIF('Customer Profitability'!$C:$C,A8,'Customer Profitability'!$F:$F),"") | D8: =IFERROR(SUMIF('Customer Profitability'!$C:$C,A8,'Customer Profitability'!$G:$G),"") | E8: =IFERROR(SUMPRODUCT(('Customer Profitability'!$C$2:$C$500=A8)*'Customer Profitability'!$D$2:$D$500*'Customer Profitability'!$E$2:$E$500),"") | F8: =IFERROR(SUMIF('Customer Profitability'!$C:$C,A8,'Customer Profitability'!$N:$N),"") | G8: =IFERROR(AVERAGEIF('Customer Profitability'!$C:$C,A8,'Customer Profitability'!$L:$L),"") | H8: =IFERROR(C8/(C8+D8),"") | I8: =IFERROR(IF(G8<15,"RESTRUCTURE - weak day, rebook distant stops",IF(H8>0.4,"TIGHTEN - too much windshield time","STRONG - keep route as-is")),"")
A9: Friday | B9: 2 | C9: =IFERROR(SUMIF('Customer Profitability'!$C:$C,A9,'Customer Profitability'!$F:$F),"") | D9: =IFERROR(SUMIF('Customer Profitability'!$C:$C,A9,'Customer Profitability'!$G:$G),"") | E9: =IFERROR(SUMPRODUCT(('Customer Profitability'!$C$2:$C$500=A9)*'Customer Profitability'!$D$2:$D$500*'Customer Profitability'!$E$2:$E$500),"") | F9: =IFERROR(SUMIF('Customer Profitability'!$C:$C,A9,'Customer Profitability'!$N:$N),"") | G9: =IFERROR(AVERAGEIF('Customer Profitability'!$C:$C,A9,'Customer Profitability'!$L:$L),"") | H9: =IFERROR(C9/(C9+D9),"") | I9: =IFERROR(IF(G9<15,"RESTRUCTURE - weak day, rebook distant stops",IF(H9>0.4,"TIGHTEN - too much windshield time","STRONG - keep route as-is")),"")
C10: =IFERROR(SUMIF('Customer Profitability'!$C:$C,A10,'Customer Profitability'!$F:$F),"") | D10: =IFERROR(SUMIF('Customer Profitability'!$C:$C,A10,'Customer Profitability'!$G:$G),"") | E10: =IFERROR(SUMPRODUCT(('Customer Profitability'!$C$2:$C$500=A10)*'Customer Profitability'!$D$2:$D$500*'Customer Profitability'!$E$2:$E$500),"") | F10: =IFERROR(SUMIF('Customer Profitability'!$C:$C,A10,'Customer Profitability'!$N:$N),"") | G10: =IFERROR(AVERAGEIF('Customer Profitability'!$C:$C,A10,'Customer Profitability'!$L:$L),"") | H10: =IFERROR(C10/(C10+D10),"") | I10: =IFERROR(IF(G10<15,"RESTRUCTURE - weak day, rebook distant stops",IF(H10>0.4,"TIGHTEN - too much windshield time","STRONG - keep route as-is")),"")
C11: =IFERROR(SUMIF('Customer Profitability'!$C:$C,A11,'Customer Profitability'!$F:$F),"") | D11: =IFERROR(SUMIF('Customer Profitability'!$C:$C,A11,'Customer Profitability'!$G:$G),"") | E11: =IFERROR(SUMPRODUCT(('Customer Profitability'!$C$2:$C$500=A11)*'Customer Profitability'!$D$2:$D$500*'Customer Profitability'!$E$2:$E$500),"") | F11: =IFERROR(SUMIF('Customer Profitability'!$C:$C,A11,'Customer Profitability'!$N:$N),"") | G11: =IFERROR(AVERAGEIF('Customer Profitability'!$C:$C,A11,'Customer Profitability'!$L:$L),"") | H11: =IFERROR(C11/(C11+D11),"") | I11: =IFERROR(IF(G11<15,"RESTRUCTURE - weak day, rebook distant stops",IF(H11>0.4,"TIGHTEN - too much windshield time","STRONG - keep route as-is")),"")
C12: =IFERROR(SUMIF('Customer Profitability'!$C:$C,A12,'Customer Profitability'!$F:$F),"") | D12: =IFERROR(SUMIF('Customer Profitability'!$C:$C,A12,'Customer Profitability'!$G:$G),"") | E12: =IFERROR(SUMPRODUCT(('Customer Profitability'!$C$2:$C$500=A12)*'Customer Profitability'!$D$2:$D$500*'Customer Profitability'!$E$2:$E$500),"") | F12: =IFERROR(SUMIF('Customer Profitability'!$C:$C,A12,'Customer Profitability'!$N:$N),"") | G12: =IFERROR(AVERAGEIF('Customer Profitability'!$C:$C,A12,'Customer Profitability'!$L:$L),"") | H12: =IFERROR(C12/(C12+D12),"") | I12: =IFERROR(IF(G12<15,"RESTRUCTURE - weak day, rebook distant stops",IF(H12>0.4,"TIGHTEN - too much windshield time","STRONG - keep route as-is")),"")
C13: =IFERROR(SUMIF('Customer Profitability'!$C:$C,A13,'Customer Profitability'!$F:$F),"") | D13: =IFERROR(SUMIF('Customer Profitability'!$C:$C,A13,'Customer Profitability'!$G:$G),"") | E13: =IFERROR(SUMPRODUCT(('Customer Profitability'!$C$2:$C$500=A13)*'Customer Profitability'!$D$2:$D$500*'Customer Profitability'!$E$2:$E$500),"") | F13: =IFERROR(SUMIF('Customer Profitability'!$C:$C,A13,'Customer Profitability'!$N:$N),"") | G13: =IFERROR(AVERAGEIF('Customer Profitability'!$C:$C,A13,'Customer Profitability'!$L:$L),"") | H13: =IFERROR(C13/(C13+D13),"") | I13: =IFERROR(IF(G13<15,"RESTRUCTURE - weak day, rebook distant stops",IF(H13>0.4,"TIGHTEN - too much windshield time","STRONG - keep route as-is")),"")
C14: =IFERROR(SUMIF('Customer Profitability'!$C:$C,A14,'Customer Profitability'!$F:$F),"") | D14: =IFERROR(SUMIF('Customer Profitability'!$C:$C,A14,'Customer Profitability'!$G:$G),"") | E14: =IFERROR(SUMPRODUCT(('Customer Profitability'!$C$2:$C$500=A14)*'Customer Profitability'!$D$2:$D$500*'Customer Profitability'!$E$2:$E$500),"") | F14: =IFERROR(SUMIF('Customer Profitability'!$C:$C,A14,'Customer Profitability'!$N:$N),"") | G14: =IFERROR(AVERAGEIF('Customer Profitability'!$C:$C,A14,'Customer Profitability'!$L:$L),"") | H14: =IFERROR(C14/(C14+D14),"") | I14: =IFERROR(IF(G14<15,"RESTRUCTURE - weak day, rebook distant stops",IF(H14>0.4,"TIGHTEN - too much windshield time","STRONG - keep route as-is")),"")
C15: =IFERROR(SUMIF('Customer Profitability'!$C:$C,A15,'Customer Profitability'!$F:$F),"") | D15: =IFERROR(SUMIF('Customer Profitability'!$C:$C,A15,'Customer Profitability'!$G:$G),"") | E15: =IFERROR(SUMPRODUCT(('Customer Profitability'!$C$2:$C$500=A15)*'Customer Profitability'!$D$2:$D$500*'Customer Profitability'!$E$2:$E$500),"") | F15: =IFERROR(SUMIF('Customer Profitability'!$C:$C,A15,'Customer Profitability'!$N:$N),"") | G15: =IFERROR(AVERAGEIF('Customer Profitability'!$C:$C,A15,'Customer Profitability'!$L:$L),"") | H15: =IFERROR(C15/(C15+D15),"") | I15: =IFERROR(IF(G15<15,"RESTRUCTURE - weak day, rebook distant stops",IF(H15>0.4,"TIGHTEN - too much windshield time","STRONG - keep route as-is")),"")
C16: =IFERROR(SUMIF('Customer Profitability'!$C:$C,A16,'Customer Profitability'!$F:$F),"") | D16: =IFERROR(SUMIF('Customer Profitability'!$C:$C,A16,'Customer Profitability'!$G:$G),"") | E16: =IFERROR(SUMPRODUCT(('Customer Profitability'!$C$2:$C$500=A16)*'Customer Profitability'!$D$2:$D$500*'Customer Profitability'!$E$2:$E$500),"") | F16: =IFERROR(SUMIF('Customer Profitability'!$C:$C,A16,'Customer Profitability'!$N:$N),"") | G16: =IFERROR(AVERAGEIF('Customer Profitability'!$C:$C,A16,'Customer Profitability'!$L:$L),"") | H16: =IFERROR(C16/(C16+D16),"") | I16: =IFERROR(IF(G16<15,"RESTRUCTURE - weak day, rebook distant stops",IF(H16>0.4,"TIGHTEN - too much windshield time","STRONG - keep route as-is")),"")
C17: =IFERROR(SUMIF('Customer Profitability'!$C:$C,A17,'Customer Profitability'!$F:$F),"") | D17: =IFERROR(SUMIF('Customer Profitability'!$C:$C,A17,'Customer Profitability'!$G:$G),"") | E17: =IFERROR(SUMPRODUCT(('Customer Profitability'!$C$2:$C$500=A17)*'Customer Profitability'!$D$2:$D$500*'Customer Profitability'!$E$2:$E$500),"") | F17: =IFERROR(SUMIF('Customer Profitability'!$C:$C,A17,'Customer Profitability'!$N:$N),"") | G17: =IFERROR(AVERAGEIF('Customer Profitability'!$C:$C,A17,'Customer Profitability'!$L:$L),"") | H17: =IFERROR(C17/(C17+D17),"") | I17: =IFERROR(IF(G17<15,"RESTRUCTURE - weak day, rebook distant stops",IF(H17>0.4,"TIGHTEN - too much windshield time","STRONG - keep route as-is")),"")
C18: =IFERROR(SUMIF('Customer Profitability'!$C:$C,A18,'Customer Profitability'!$F:$F),"") | D18: =IFERROR(SUMIF('Customer Profitability'!$C:$C,A18,'Customer Profitability'!$G:$G),"") | E18: =IFERROR(SUMPRODUCT(('Customer Profitability'!$C$2:$C$500=A18)*'Customer Profitability'!$D$2:$D$500*'Customer Profitability'!$E$2:$E$500),"") | F18: =IFERROR(SUMIF('Customer Profitability'!$C:$C,A18,'Customer Profitability'!$N:$N),"") | G18: =IFERROR(AVERAGEIF('Customer Profitability'!$C:$C,A18,'Customer Profitability'!$L:$L),"") | H18: =IFERROR(C18/(C18+D18),"") | I18: =IFERROR(IF(G18<15,"RESTRUCTURE - weak day, rebook distant stops",IF(H18>0.4,"TIGHTEN - too much windshield time","STRONG - keep route as-is")),"")
C19: =IFERROR(SUMIF('Customer Profitability'!$C:$C,A19,'Customer Profitability'!$F:$F),"") | D19: =IFERROR(SUMIF('Customer Profitability'!$C:$C,A19,'Customer Profitability'!$G:$G),"") | E19: =IFERROR(SUMPRODUCT(('Customer Profitability'!$C$2:$C$500=A19)*'Customer Profitability'!$D$2:$D$500*'Customer Profitability'!$E$2:$E$500),"") | F19: =IFERROR(SUMIF('Customer Profitability'!$C:$C,A19,'Customer Profitability'!$N:$N),"") | G19: =IFERROR(AVERAGEIF('Customer Profitability'!$C:$C,A19,'Customer Profitability'!$L:$L),"") | H19: =IFERROR(C19/(C19+D19),"") | I19: =IFERROR(IF(G19<15,"RESTRUCTURE - weak day, rebook distant stops",IF(H19>0.4,"TIGHTEN - too much windshield time","STRONG - keep route as-is")),"")
C20: =IFERROR(SUMIF('Customer Profitability'!$C:$C,A20,'Customer Profitability'!$F:$F),"") | D20: =IFERROR(SUMIF('Customer Profitability'!$C:$C,A20,'Customer Profitability'!$G:$G),"") | E20: =IFERROR(SUMPRODUCT(('Customer Profitability'!$C$2:$C$500=A20)*'Customer Profitability'!$D$2:$D$500*'Customer Profitability'!$E$2:$E$500),"") | F20: =IFERROR(SUMIF('Customer Profitability'!$C:$C,A20,'Customer Profitability'!$N:$N),"") | G20: =IFERROR(AVERAGEIF('Customer Profitability'!$C:$C,A20,'Customer Profitability'!$L:$L),"") | H20: =IFERROR(C20/(C20+D20),"") | I20: =IFERROR(IF(G20<15,"RESTRUCTURE - weak day, rebook distant stops",IF(H20>0.4,"TIGHTEN - too much windshield time","STRONG - keep route as-is")),"")
C21: =IFERROR(SUMIF('Customer Profitability'!$C:$C,A21,'Customer Profitability'!$F:$F),"") | D21: =IFERROR(SUMIF('Customer Profitability'!$C:$C,A21,'Customer Profitability'!$G:$G),"") | E21: =IFERROR(SUMPRODUCT(('Customer Profitability'!$C$2:$C$500=A21)*'Customer Profitability'!$D$2:$D$500*'Customer Profitability'!$E$2:$E$500),"") | F21: =IFERROR(SUMIF('Customer Profitability'!$C:$C,A21,'Customer Profitability'!$N:$N),"") | G21: =IFERROR(AVERAGEIF('Customer Profitability'!$C:$C,A21,'Customer Profitability'!$L:$L),"") | H21: =IFERROR(C21/(C21+D21),"") | I21: =IFERROR(IF(G21<15,"RESTRUCTURE - weak day, rebook distant stops",IF(H21>0.4,"TIGHTEN - too much windshield time","STRONG - keep route as-is")),"")
... C24: =IFERROR(SUMIF('Customer Profitability'!$C:$C,A24,'Customer Profitability'!$F:$F),"") | D24: =IFERROR(SUMIF('Customer Profitability'!$C:$C,A24,'Customer Profitability'!$G:$G),"") | E24: =IFERROR(SUMPRODUCT(('Customer Profitability'!$C$2:$C$500=A24)*'Customer Profitability'!$D$2:$D$500*'Customer Profitability'!$E$2:$E$500),"") | F24: =IFERROR(SUMIF('Customer Profitability'!$C:$C,A24,'Customer Profitability'!$N:$N),"") | G24: =IFERROR(AVERAGEIF('Customer Profitability'!$C:$C,A24,'Customer Profitability'!$L:$L),"") | H24: =IFERROR(C24/(C24+D24),"") | I24: =IFERROR(IF(G24<15,"RESTRUCTURE - weak day, rebook distant stops",IF(H24>0.4,"TIGHTEN - too much windshield time","STRONG - keep route as-is")),"")

Sheet Settings
A1: AI INSIGHT SUMMARY: Customer #14 generates only $12 profit per visit after drive time vs. your $38 average -- raise their rate at next renewal or drop the route. Your bottom 5 customers are draining $310/month in unrecovered labor and windshield time, more than offsetting your top 3 earners. Friday's route is your weakest day at $19 profit/visit because two distant low-rate accounts pull the whole schedule down -- consider rebooking them onto Tuesday's cluster. Overall fleet-wide profit per visit is healthy at $34, but 6 of 24 customers are below your true break-even visit cost.
A5: Setting Name | B5: Value | C5: Status
A6: Default Hourly Labor Cost | B6: 28 | C6: =IFERROR(IF(B6<=0,"FIX - must be greater than 0","OK"),"")
A7: Vehicle Cost Per Drive Minute | B7: 0.45 | C7: =IFERROR(IF(B7<=0,"FIX - must be greater than 0","OK"),"")
A8: Target Profit Per Visit | B8: 35 | C8: =IFERROR(IF(B8<=0,"FIX - must be greater than 0","OK"),"")
A9: Renegotiate Threshold Per Visit | B9: 20 | C9: =IFERROR(IF(B9<=0,"FIX - must be greater than 0","OK"),"")
A10: Minimum Acceptable Profit Per Hour | B10: 25 | C10: =IFERROR(IF(B10<=0,"FIX - must be greater than 0","OK"),"")
C11: =IFERROR(IF(B11<=0,"FIX - must be greater than 0","OK"),"")
C12: =IFERROR(IF(B12<=0,"FIX - must be greater than 0","OK"),"")
C13: =IFERROR(IF(B13<=0,"FIX - must be greater than 0","OK"),"")
C14: =IFERROR(IF(B14<=0,"FIX - must be greater than 0","OK"),"")
C15: =IFERROR(IF(B15<=0,"FIX - must be greater than 0","OK"),"")
C16: =IFERROR(IF(B16<=0,"FIX - must be greater than 0","OK"),"")
C17: =IFERROR(IF(B17<=0,"FIX - must be greater than 0","OK"),"")
C18: =IFERROR(IF(B18<=0,"FIX - must be greater than 0","OK"),"")
C19: =IFERROR(IF(B19<=0,"FIX - must be greater than 0","OK"),"")
C20: =IFERROR(IF(B20<=0,"FIX - must be greater than 0","OK"),"")
C21: =IFERROR(IF(B21<=0,"FIX - must be greater than 0","OK"),"")
C22: =IFERROR(IF(B22<=0,"FIX - must be greater than 0","OK"),"")
... C25: =IFERROR(IF(B25<=0,"FIX - must be greater than 0","OK"),"")
